{"slow_max": 2.763609520630326, "average_max": 3.4154230759381026}